step,gt_x,gt_y,gt_theta,odom_x,odom_y,odom_theta,amcl_x,amcl_y,amcl_theta,err_odom,err_amcl
0,8.19999,8.002,0.01,8.17246,8.00336,0.0194772,8.72511,5.21174,-2.74853,0.027568,2.83924
1,8.39995,8.006,0.02,8.39786,8.01619,0.0568462,2.58943,11.0461,-0.0340148,0.0103987,6.55779
2,8.59986,8.012,0.03,8.56699,8.02283,0.0392319,2.71476,11.0863,-0.0360476,0.0346085,6.63973
3,8.7997,8.02,0.04,8.78343,8.03227,0.0436158,2.88722,11.0853,-0.0409734,0.0203833,6.65985
4,8.99945,8.02999,0.05,9.00737,8.04053,0.0368641,9.54547,7.6455,0.284393,0.0131848,0.667814
5,9.19909,8.04199,0.06,9.25325,8.0554,0.0604078,9.71244,7.71008,0.280805,0.0557942,0.611305
6,9.3986,8.05597,0.07,9.37549,8.06222,0.0557488,9.7519,7.81534,0.243327,0.0239449,0.427465
7,9.59796,8.07196,0.08,9.54954,8.07437,0.0696558,9.83371,7.86628,0.202739,0.048483,0.312857
8,9.79715,8.08993,0.09,9.69681,8.08745,0.0886287,9.96709,7.91878,0.199029,0.100373,0.241192
9,9.99615,8.1099,0.1,9.96188,8.11326,0.0970541,10.0784,7.96439,0.191814,0.034437,0.167135
10,10.1949,8.13185,0.11,10.1471,8.13633,0.123926,10.1839,8.02627,0.162182,0.0480738,0.106154
11,10.3935,8.1558,0.12,10.3407,8.15822,0.112599,10.3727,8.06415,0.150402,0.0529079,0.0939903
12,10.5918,8.18172,0.13,10.5864,8.19457,0.146842,10.5677,8.11971,0.156466,0.0139355,0.0665263
13,10.7899,8.20963,0.14,10.8159,8.23019,0.153961,10.7695,8.16777,0.146049,0.0332147,0.0465467
14,10.9876,8.23952,0.15,10.9109,8.2447,0.151619,10.9066,8.23345,0.174077,0.0768981,0.0812227
15,11.1851,8.27138,0.16,11.108,8.27175,0.136443,11.159,8.25571,0.161719,0.0770926,0.0303695
16,11.3822,8.30522,0.17,11.2809,8.29959,0.159617,11.3178,8.29027,0.185175,0.101434,0.0660566
17,11.5789,8.34103,0.18,11.4978,8.33269,0.151434,11.5574,8.34076,0.200009,0.0815924,0.0215574
18,11.7753,8.3788,0.19,11.8054,8.38967,0.183156,11.8067,8.334,0.173002,0.0319318,0.0546558
19,11.9714,8.41853,0.2,11.9738,8.42122,0.185264,11.9934,8.38251,0.205316,0.00360742,0.0422377
20,12.167,8.46022,0.21,12.1264,8.44855,0.177132,12.186,8.4176,0.197265,0.0422181,0.0467008
21,12.3621,8.50387,0.22,12.2777,8.47985,0.204021,12.3377,8.45201,0.213804,0.0877861,0.0573139
22,12.5569,8.54947,0.23,12.4793,8.52796,0.234224,12.5422,8.51074,0.227735,0.0804917,0.0414231
23,12.7511,8.59701,0.24,12.7568,8.59595,0.240299,12.7606,8.5833,0.227764,0.00573637,0.0166257
24,12.9449,8.64649,0.25,13.0007,8.65949,0.254891,12.9718,8.64192,0.247357,0.0572201,0.0272609
25,13.1382,8.6979,0.26,13.1893,8.71003,0.261842,13.1201,8.69312,0.265546,0.0524737,0.0187452
26,13.331,8.75125,0.27,13.425,8.77706,0.277002,13.3488,8.74631,0.266789,0.0975238,0.0185354
27,13.5232,8.80652,0.28,13.6772,8.85409,0.296384,13.561,8.82525,0.285956,0.161246,0.0422056
28,13.7148,8.86371,0.29,13.9012,8.93317,0.339524,13.7332,8.89659,0.291577,0.198856,0.0376596
29,13.9059,8.92281,0.3,14.057,8.9846,0.318716,13.8985,8.94321,0.301535,0.163275,0.0217056
30,14.0964,8.98383,0.31,14.2875,9.05817,0.308915,14.1217,9.01012,0.303005,0.205117,0.036518
31,14.2862,9.04674,0.32,14.5644,9.1469,0.310115,14.3364,9.08507,0.311317,0.295702,0.0631886
32,14.4754,9.11155,0.33,14.8739,9.25349,0.331701,14.5308,9.14136,0.328646,0.423,0.0629184
33,14.4754,9.11155,0.453826,14.8739,9.25349,0.47874,14.4925,9.13545,0.452419,0.423,0.0293761
34,14.4754,9.11155,0.577652,14.8739,9.25349,0.597834,14.4656,9.08444,0.57646,0.423,0.0288134
35,14.4754,9.11155,0.701477,14.8739,9.25349,0.713732,14.4667,9.08864,0.696163,0.423,0.0245188
36,14.4754,9.11155,0.825303,14.8739,9.25349,0.84697,14.4769,9.08942,0.832695,0.423,0.0221755
37,14.4754,9.11155,0.949129,14.8739,9.25349,0.985398,14.4621,9.10027,0.951627,0.423,0.0174408
38,14.4754,9.11155,1.07295,14.8739,9.25349,1.10849,14.475,9.09947,1.0723,0.423,0.0120837
39,14.4754,9.11155,1.19678,14.8739,9.25349,1.21201,14.4828,9.11004,1.20331,0.423,0.0075202
40,14.5466,9.29844,1.20678,14.9512,9.46015,1.21285,14.5548,9.31182,1.20842,0.435697,0.0157034
41,14.616,9.48604,1.21678,15.0269,9.66437,1.21569,14.6346,9.53243,1.21473,0.447995,0.0500054
42,14.6834,9.67432,1.22678,15.0941,9.85535,1.23272,14.6895,9.70699,1.23116,0.448789,0.0332253
43,14.749,9.86327,1.23678,15.1519,10.0461,1.27652,14.7521,9.91366,1.26603,0.442446,0.0504841
44,14.8126,10.0529,1.24678,15.2243,10.3092,1.30229,14.8005,10.0588,1.24698,0.484905,0.0135843
45,14.8126,10.0529,0.960502,15.2243,10.3092,1.01058,14.8012,10.0621,0.959717,0.484905,0.0147015
46,14.8126,10.0529,0.674224,15.2243,10.3092,0.725077,14.8023,10.0656,0.67906,0.484905,0.0163791
47,14.8126,10.0529,0.387945,15.2243,10.3092,0.441884,14.8168,10.0498,0.389636,0.484905,0.00516225
48,14.8126,10.0529,0.101666,15.2243,10.3092,0.176371,14.8202,10.0549,0.10212,0.484905,0.00782047
49,14.8126,10.0529,-0.184612,15.2243,10.3092,-0.108181,14.8381,10.0571,-0.177553,0.484905,0.0258358
50,14.8126,10.0529,-0.470891,15.2243,10.3092,-0.389906,14.8178,10.0807,-0.472938,0.484905,0.0282864
51,14.8126,10.0529,-0.757169,15.2243,10.3092,-0.718503,14.8148,10.0771,-0.762886,0.484905,0.024294
52,14.8126,10.0529,-1.04345,15.2243,10.3092,-1.02297,14.8078,10.0558,-1.03463,0.484905,0.00563588
53,14.8126,10.0529,-1.32973,15.2243,10.3092,-1.30867,14.8215,10.1017,-1.33301,0.484905,0.0496403
54,14.8126,10.0529,-1.61601,15.2243,10.3092,-1.62625,14.8337,10.0926,-1.59237,0.484905,0.0449333
55,14.8126,10.0529,-1.90228,15.2243,10.3092,-1.91687,14.823,10.0424,-1.91065,0.484905,0.0147246
56,14.7495,9.86311,-1.89228,15.1555,10.1059,-1.8968,14.732,9.80655,-1.89751,0.473137,0.0591967
57,14.6882,9.67273,-1.88228,15.0992,9.92357,-1.87054,14.6756,9.64892,-1.89361,0.481528,0.0269404
58,14.6288,9.48175,-1.87228,15.0373,9.71862,-1.86395,14.6163,9.45125,-1.8817,0.472255,0.0329578
59,14.5713,9.29019,-1.86228,14.9525,9.45343,-1.88023,14.5597,9.22042,-1.86581,0.414726,0.0707269
60,14.5157,9.09806,-1.85228,14.9156,9.3278,-1.85668,14.5192,9.05563,-1.85369,0.461174,0.04258
61,14.4621,8.90539,-1.84228,14.8404,9.06926,-1.85399,14.4386,8.81128,-1.84583,0.412247,0.0970076
62,14.4104,8.71219,-1.83228,14.7874,8.86317,-1.82248,14.3872,8.68798,-1.83302,0.406092,0.0335329
63,14.3606,8.51848,-1.82228,14.7447,8.68436,-1.80522,14.3505,8.51472,-1.81987,0.418341,0.0108479
64,14.3128,8.32428,-1.81228,14.7053,8.53471,-1.82832,14.3332,8.33463,-1.81878,0.445316,0.02285
65,14.2669,8.12962,-1.80228,14.6498,8.26765,-1.77559,14.2564,8.12955,-1.80296,0.407003,0.0105405
66,14.223,7.9345,-1.79228,14.6201,8.10438,-1.75085,14.2182,7.9618,-1.78962,0.431911,0.0277158
67,14.181,7.73896,-1.78228,14.5934,7.95179,-1.74402,14.1706,7.77828,-1.78026,0.464065,0.0406733
68,14.141,7.543,-1.77228,14.5564,7.7168,-1.72693,14.136,7.54138,-1.76397,0.450307,0.00520901
69,14.1029,7.34666,-1.76228,14.5271,7.51933,-1.71782,14.0985,7.38513,-1.75635,0.45803,0.0387288
70,14.0668,7.14994,-1.75228,14.4905,7.24834,-1.70508,14.0527,7.12274,-1.74475,0.435,0.0306287
71,14.0327,6.95288,-1.74228,14.4722,7.06717,-1.67183,14.0242,6.92736,-1.7437,0.454104,0.0268786
72,14.0005,6.75548,-1.73228,14.4619,6.95023,-1.65796,13.9992,6.76847,-1.73239,0.50084,0.0130658
73,13.9703,6.55777,-1.72228,14.4507,6.82448,-1.66002,13.9693,6.60898,-1.72145,0.549436,0.0512241
74,13.9421,6.35977,-1.71228,14.4279,6.56388,-1.65824,13.9319,6.35577,-1.71643,0.52686,0.0110171
75,13.9159,6.16149,-1.70228,14.4215,6.49103,-1.65793,13.9038,6.23467,-1.69886,0.603488,0.0741736
76,13.8917,5.96297,-1.69228,14.412,6.34132,-1.6339,13.8637,6.04335,-1.68144,0.643359,0.0851135
77,13.8694,5.76421,-1.68228,14.4041,6.18069,-1.62027,13.8511,5.89093,-1.68294,0.677719,0.128029
78,13.8492,5.56524,-1.67228,14.3983,6.01301,-1.60498,13.8363,5.6956,-1.65883,0.708583,0.130997
79,13.8309,5.36608,-1.66228,14.3974,5.91276,-1.58048,13.8224,5.60181,-1.65404,0.787248,0.235888
80,13.8146,5.16674,-1.65228,14.3986,5.70873,-1.56482,13.7795,5.34811,-1.64321,0.79673,0.184736
81,13.8003,4.96725,-1.64228,14.4003,5.5403,-1.56064,13.788,5.14894,-1.63264,0.829667,0.182113
82,13.788,4.76763,-1.63228,14.4045,5.39634,-1.5416,13.7938,4.97933,-1.62513,0.880512,0.211778
83,13.7777,4.56789,-1.62228,14.4097,5.23337,-1.53892,13.7846,4.79709,-1.62486,0.917728,0.229297
84,13.7695,4.36807,-1.61228,14.413,5.12222,-1.54138,13.7435,4.61253,-1.60563,0.991395,0.245838
85,13.7632,4.16816,-1.60228,14.4263,4.87621,-1.51649,13.7625,4.36404,-1.59939,0.970129,0.195877
86,13.7589,3.96821,-1.59228,14.4353,4.73487,-1.50763,13.7456,4.16383,-1.59562,1.02241,0.196072
87,13.7566,3.76822,-1.58228,14.4502,4.51931,-1.50158,13.7551,3.91193,-1.60653,1.0224,0.143712
88,13.7563,3.56822,-1.57228,14.4599,4.30051,-1.52671,13.7516,3.68449,-1.57933,1.01554,0.116361
89,13.758,3.36823,-1.56228,14.4709,4.10981,-1.51314,13.7428,3.47685,-1.55979,1.02869,0.109674
90,13.7617,3.16827,-1.55228,14.4756,3.8464,-1.55298,13.7707,3.22703,-1.55271,0.984654,0.0594507
91,13.7674,2.96835,-1.54228,14.4774,3.62468,-1.56263,13.7852,2.97004,-1.53579,0.966905,0.0178731
92,13.7751,2.76849,-1.53228,14.4845,3.37715,-1.54205,13.7705,2.76266,-1.53046,0.934753,0.00738462
93,13.7848,2.56873,-1.52228,14.4961,3.08586,-1.53091,13.7711,2.54847,-1.52593,0.879468,0.024434
94,13.7965,2.36907,-1.51228,14.5078,2.84862,-1.52178,13.7926,2.38527,-1.51692,0.857862,0.0166569
95,13.8102,2.16954,-1.50228,14.5109,2.71373,-1.54756,13.806,2.18907,-1.49876,0.887235,0.0199545
96,13.8258,1.97016,-1.49228,14.5198,2.4738,-1.53393,13.8449,1.95981,-1.48536,0.857419,0.0216893
97,13.8435,1.77094,-1.48228,14.5251,2.30373,-1.53911,13.867,1.79639,-1.4739,0.865146,0.0346282
98,13.8632,1.57191,-1.47228,14.5405,2.0432,-1.51194,13.8911,1.56342,-1.46888,0.825141,0.0291659
99,13.8632,1.57191,-1.07563,14.5405,2.0432,-1.12464,13.881,1.56651,-1.07615,0.825141,0.0186168
100,13.8632,1.57191,-0.678979,14.5405,2.0432,-0.726922,13.8781,1.57875,-0.675596,0.825141,0.016408
101,13.8632,1.57191,-0.282327,14.5405,2.0432,-0.325411,13.8668,1.58411,-0.284862,0.825141,0.0127341
102,13.8632,1.57191,0.114325,14.5405,2.0432,0.0425106,13.8616,1.56533,0.113177,0.825141,0.00677839
103,13.8632,1.57191,0.510977,14.5405,2.0432,0.427563,13.8589,1.55726,0.515658,0.825141,0.0152663
104,13.8632,1.57191,0.907629,14.5405,2.0432,0.823964,13.8712,1.52774,0.884444,0.825141,0.044886
105,13.8632,1.57191,1.30428,14.5405,2.0432,1.23507,13.8221,1.56935,1.29907,0.825141,0.0412161
106,13.8632,1.57191,1.70093,14.5405,2.0432,1.66169,13.8333,1.56835,1.69771,0.825141,0.030107
107,13.8632,1.57191,2.09759,14.5405,2.0432,2.05573,13.8424,1.56139,2.09136,0.825141,0.0233169
108,13.8632,1.57191,2.49424,14.5405,2.0432,2.41996,13.838,1.56892,2.49149,0.825141,0.0253821
109,13.8632,1.57191,2.89089,14.5405,2.0432,2.8101,13.8443,1.56018,2.89087,0.825141,0.0222687
110,13.8632,1.57191,-2.99564,14.5405,2.0432,-3.05154,13.8505,1.55244,-3.00515,0.825141,0.0232326
111,13.8632,1.57191,-2.59899,14.5405,2.0432,-2.65469,13.8387,1.55604,-2.60119,0.825141,0.0291747
112,13.693,1.46693,-2.58899,14.3277,1.9327,-2.6627,13.6461,1.44256,-2.59634,0.787272,0.0527972
113,13.5238,1.36025,-2.57899,14.0855,1.80014,-2.64086,13.4776,1.32441,-2.58155,0.713425,0.0584779
114,13.3557,1.25189,-2.56899,13.9065,1.70249,-2.64199,13.3392,1.25105,-2.56967,0.711669,0.016479
115,13.3557,1.25189,-2.27582,13.9065,1.70249,-2.36202,13.354,1.26427,-2.27574,0.711669,0.0124902
116,13.3557,1.25189,-1.98265,13.9065,1.70249,-2.05948,13.3551,1.25527,-1.98482,0.711669,0.00343569
117,13.3557,1.25189,-1.68947,13.9065,1.70249,-1.73998,13.3753,1.26878,-1.68824,0.711669,0.0258456
118,13.3557,1.25189,-1.3963,13.9065,1.70249,-1.44631,13.3616,1.27152,-1.40075,0.711669,0.0204933
119,13.3557,1.25189,-1.10313,13.9065,1.70249,-1.16951,13.3561,1.27125,-1.103,0.711669,0.0193624
120,13.3557,1.25189,-1.33217,13.9065,1.70249,-1.39585,13.3647,1.27718,-1.32416,0.711669,0.0268613
121,13.3557,1.25189,-1.56121,13.9065,1.70249,-1.64042,13.3755,1.25713,-1.55776,0.711669,0.02052
122,13.3557,1.25189,-1.79026,13.9065,1.70249,-1.86288,13.3628,1.25519,-1.79027,0.711669,0.00788679
123,13.3557,1.25189,-2.0193,13.9065,1.70249,-2.08912,13.3743,1.25881,-2.01465,0.711669,0.0198557
124,13.3557,1.25189,-2.24834,13.9065,1.70249,-2.31193,13.3572,1.255,-2.2517,0.711669,0.00347286
125,13.3557,1.25189,-2.47739,13.9065,1.70249,-2.55869,13.3519,1.24185,-2.48218,0.711669,0.0107224
126,13.3557,1.25189,-2.70643,13.9065,1.70249,-2.73813,13.3634,1.25519,-2.70187,0.711669,0.00836601
127,13.3557,1.25189,-2.43731,13.9065,1.70249,-2.45181,13.3728,1.25891,-2.43088,0.711669,0.0185262
128,13.3557,1.25189,-2.16819,13.9065,1.70249,-2.19478,13.3684,1.25792,-2.16202,0.711669,0.0140879
129,13.3557,1.25189,-1.89907,13.9065,1.70249,-1.94542,13.3794,1.24851,-1.8979,0.711669,0.0239923
130,13.3557,1.25189,-1.62994,13.9065,1.70249,-1.72461,13.3852,1.24398,-1.62798,0.711669,0.0305451
131,13.3557,1.25189,-1.36082,13.9065,1.70249,-1.45501,13.366,1.2635,-1.36207,0.711669,0.0154982
132,13.3557,1.25189,-1.0917,13.9065,1.70249,-1.16311,13.3629,1.2558,-1.09073,0.711669,0.00823826
133,13.3557,1.25189,-0.822581,13.9065,1.70249,-0.917012,13.3636,1.25694,-0.821189,0.711669,0.00936395
134,13.3557,1.25189,-0.55346,13.9065,1.70249,-0.633101,13.3564,1.26215,-0.551241,0.711669,0.0102879
135,13.3557,1.25189,-0.284338,13.9065,1.70249,-0.346696,13.3697,1.26225,-0.278651,0.711669,0.017442
136,13.3557,1.25189,-0.0152173,13.9065,1.70249,-0.0737555,13.3602,1.24966,-0.0190266,0.711669,0.00499561
137,13.3557,1.25189,0.253904,13.9065,1.70249,0.196217,13.3664,1.25225,0.255476,0.711669,0.0107403
138,13.3557,1.25189,0.523025,13.9065,1.70249,0.450556,13.3512,1.2692,0.520725,0.711669,0.0178778
139,13.3557,1.25189,0.792146,13.9065,1.70249,0.693958,13.3517,1.2567,0.789948,0.711669,0.00627003
140,13.3557,1.25189,1.06127,13.9065,1.70249,1.00187,13.3523,1.24996,1.06336,0.711669,0.0039185
141,13.3557,1.25189,1.33039,13.9065,1.70249,1.29674,13.349,1.25335,1.33424,0.711669,0.00687461
142,13.4014,1.4466,1.34039,13.9763,1.96313,1.30926,13.4144,1.48586,1.34859,0.772885,0.0413745
143,13.4451,1.64176,1.35039,14.0289,2.15877,1.30828,13.4553,1.67082,1.35443,0.779806,0.0307799
144,13.4869,1.83735,1.36039,14.0659,2.29678,1.30892,13.4885,1.81435,1.36379,0.739132,0.0230629
145,13.5267,2.03335,1.37039,14.104,2.43709,1.30512,13.524,1.99817,1.36147,0.704522,0.0352764
146,13.5645,2.22974,1.38039,14.1423,2.58531,1.31787,13.5524,2.2239,1.374,0.678463,0.0134341
147,13.6004,2.42649,1.39039,14.1907,2.76866,1.31274,13.586,2.4193,1.38436,0.68233,0.0160631
148,13.6343,2.62359,1.40039,14.2182,2.86551,1.29488,13.6041,2.54759,1.39287,0.631971,0.0818098
149,13.6663,2.82103,1.41039,14.2647,3.02841,1.29279,13.6419,2.72163,1.40718,0.633301,0.102337
150,13.6962,3.01877,1.42039,14.3206,3.24001,1.31252,13.6722,2.95214,1.41796,0.662359,0.0708275
151,13.7242,3.2168,1.43039,14.3639,3.40739,1.31713,13.7061,3.13312,1.42652,0.667508,0.0856142
152,13.7502,3.4151,1.44039,14.4078,3.59891,1.34592,13.7559,3.32874,1.44056,0.682726,0.0865488
153,13.7743,3.61365,1.45039,14.4443,3.76421,1.35334,13.7424,3.5084,1.44758,0.686726,0.109962
154,13.7963,3.81244,1.46039,14.4695,3.87588,1.3489,13.773,3.79715,1.45241,0.676161,0.0278635
155,13.8163,4.01143,1.47039,14.5063,4.03893,1.34874,13.8073,3.98341,1.46149,0.690492,0.0294318
156,13.8344,4.21061,1.48039,14.535,4.173,1.35984,13.8173,4.13976,1.47598,0.701606,0.0728784
157,13.8505,4.40996,1.49039,14.5651,4.31607,1.36344,13.8372,4.2955,1.48279,0.720774,0.115233
158,13.8645,4.60947,1.50039,14.6162,4.57391,1.37502,13.856,4.58889,1.49929,0.752538,0.0222695
159,13.8766,4.8091,1.51039,14.657,4.78439,1.37933,13.8717,4.81574,1.50899,0.780813,0.0082317
160,13.8867,5.00885,1.52039,14.7076,5.04485,1.37892,13.8927,5.04962,1.5156,0.821731,0.0412188
161,13.8948,5.20869,1.53039,14.7442,5.25621,1.39926,13.8895,5.20324,1.53253,0.850807,0.00756127
162,13.9008,5.40859,1.54039,14.7649,5.40774,1.4356,13.9146,5.3743,1.53879,0.864011,0.0369514
163,13.9049,5.60855,1.55039,14.7772,5.50246,1.44107,13.9172,5.48371,1.54883,0.878715,0.125447
164,13.907,5.80854,1.56039,14.8057,5.70207,1.42887,13.9097,5.71316,1.55792,0.905013,0.0954226
165,13.9071,6.00854,1.57039,14.8264,5.87397,1.45115,13.9153,5.94455,1.56903,0.929109,0.0645238
166,13.9052,6.20853,1.58039,14.8509,6.09449,1.46015,13.9078,6.14522,1.57719,0.952581,0.0633638
167,13.9013,6.40849,1.59039,14.8712,6.29048,1.46763,13.9061,6.34742,1.58909,0.977093,0.0612725
168,13.8953,6.60841,1.60039,14.8817,6.41212,1.48461,13.9089,6.5431,1.59751,1.00571,0.0667062
169,13.8874,6.80825,1.61039,14.9008,6.68239,1.50009,13.889,6.81289,1.61842,1.02121,0.00489015
170,13.8775,7.008,1.62039,14.9118,6.94181,1.52856,13.8725,7.03249,1.63333,1.03642,0.0250017
171,13.8656,7.20765,1.63039,14.9186,7.09972,1.52798,13.8633,7.19365,1.63638,1.0585,0.0141931
172,13.8517,7.40717,1.64039,14.9228,7.25896,1.54417,13.8586,7.37389,1.6296,1.08133,0.0339715
173,13.8358,7.60653,1.65039,14.9253,7.44519,1.55744,13.8345,7.57499,1.64558,1.1014,0.0315695
174,13.8179,7.80573,1.66039,14.9237,7.67742,1.57764,13.8183,7.77923,1.66324,1.11324,0.026506
175,13.798,8.00474,1.67039,14.9161,7.82321,1.62321,13.7987,7.95445,1.67046,1.1327,0.0502935
176,13.7761,8.20354,1.68039,14.9059,7.98754,1.63279,13.7805,8.14532,1.67528,1.1502,0.0583804
177,13.7523,8.40211,1.69039,14.8968,8.23061,1.60791,13.7459,8.40008,1.68514,1.15735,0.00664277
178,13.7264,8.60043,1.70039,14.8856,8.50613,1.61174,13.7106,8.64527,1.70388,1.16296,0.0475512
179,13.6986,8.79849,1.71039,14.8808,8.61411,1.61509,13.6934,8.75305,1.71663,1.19646,0.0457411
180,13.6688,8.99625,1.72039,14.8765,8.75113,1.60175,13.6782,8.96095,1.7071,1.23236,0.0365227
181,13.637,9.19371,1.73039,14.8779,8.91068,1.56223,13.6611,9.12251,1.71145,1.27275,0.0751766
182,13.6033,9.39084,1.74039,14.8765,9.06636,1.57958,13.6214,9.31896,1.72518,1.31397,0.0741395
183,13.5675,9.58763,1.75039,14.8735,9.3589,1.58126,13.5706,9.53907,1.74762,1.32582,0.0486601
184,13.5298,9.78404,1.76039,14.8724,9.58139,1.57576,13.5082,9.7779,1.76056,1.35773,0.0224974
185,13.4902,9.98007,1.77039,14.8695,9.73484,1.58972,13.4861,9.97116,1.76782,1.40091,0.00979265
186,13.4486,10.1757,1.78039,14.8594,9.9331,1.62127,13.4508,10.1672,1.78136,1.43158,0.00879914
187,13.405,10.3709,1.79039,14.8473,10.1275,1.6331,13.3915,10.3915,1.79134,1.46271,0.0246524
188,13.3595,10.5656,1.80039,14.8169,10.395,1.68417,13.3397,10.6398,1.81028,1.46733,0.076775
189,13.312,10.7599,1.81039,14.7806,10.6472,1.71347,13.3157,10.8242,1.82697,1.47292,0.0643581
190,13.2626,10.9537,1.82039,14.746,10.8842,1.71587,13.2397,11.0677,1.83556,1.48501,0.116211
191,13.2113,11.147,1.83039,14.7027,11.1131,1.75784,13.1771,11.2457,1.84828,1.49179,0.104476
192,13.158,11.3398,1.84039,14.666,11.2862,1.77969,13.1265,11.3957,1.86201,1.50892,0.0641984
193,13.1028,11.532,1.85039,14.6182,11.4773,1.81604,13.0782,11.6052,1.85063,1.51633,0.0771546
194,13.0457,11.7237,1.86039,14.5757,11.6545,1.80602,13.0338,11.77,1.85417,1.53155,0.0478253
195,12.9867,11.9148,1.87039,14.512,11.921,1.80548,12.9582,11.9936,1.87025,1.52529,0.0837974
196,12.9258,12.1053,1.88039,14.483,12.0429,1.80434,12.9009,12.1013,1.87499,1.55846,0.025218
197,12.8629,12.2952,1.89039,14.427,12.2523,1.83191,12.8564,12.3012,1.89445,1.56469,0.00886071
198,12.7982,12.4844,1.90039,14.385,12.4306,1.8024,12.7978,12.4446,1.89331,1.58769,0.039835
199,12.7316,12.673,1.91039,14.3337,12.6548,1.7955,12.7477,12.6488,1.90715,1.60225,0.0290937
200,12.6631,12.8609,1.92039,14.279,12.8698,1.8201,12.6569,12.8291,1.91644,1.61595,0.0323737
201,12.5927,13.0481,1.93039,14.2349,13.055,1.80434,12.5682,13.0678,1.93782,1.64225,0.0313987
202,12.5204,13.2346,1.94039,14.1799,13.2652,1.82669,12.5145,13.2465,1.9409,1.65978,0.0133274
203,12.4463,13.4204,1.95039,14.1532,13.3634,1.83699,12.4553,13.3697,1.94413,1.70779,0.051429
204,12.3704,13.6054,1.96039,14.0634,13.631,1.89429,12.3412,13.6259,1.96184,1.69327,0.0356302
205,12.2926,13.7896,1.97039,14.0058,13.7952,1.90819,12.2844,13.7727,1.97055,1.71327,0.0187956
206,12.2129,13.9731,1.98039,13.949,13.9564,1.90957,12.2096,13.9437,1.97609,1.73621,0.0295545
207,12.1314,14.1557,1.99039,13.8537,14.1978,1.94669,12.1027,14.1779,1.99553,1.72283,0.0362825
208,12.0481,14.3375,2.00039,13.7909,14.3496,1.96329,12.0354,14.3356,1.99724,1.74282,0.0128447
209,11.963,14.5185,2.01039,13.6919,14.5817,1.97422,11.9323,14.5357,2.01246,1.72998,0.0351945
210,11.963,14.5185,2.18845,13.6919,14.5817,2.14897,11.9373,14.5304,2.19093,1.72998,0.0283118
211,11.963,14.5185,2.36652,13.6919,14.5817,2.32765,11.955,14.5292,2.36791,1.72998,0.0133676
212,11.963,14.5185,2.54458,13.6919,14.5817,2.49344,11.9661,14.5219,2.54776,1.72998,0.00462679
213,11.963,14.5185,2.72264,13.6919,14.5817,2.71513,11.9541,14.5238,2.72293,1.72998,0.0103765
214,11.963,14.5185,2.90071,13.6919,14.5817,2.88853,11.9489,14.5279,2.89848,1.72998,0.0169482
215,11.963,14.5185,3.07877,13.6919,14.5817,3.08918,11.9424,14.5166,3.07962,1.72998,0.020714
216,11.963,14.5185,-3.02635,13.6919,14.5817,-3.02928,11.9714,14.5212,-3.03208,1.72998,0.00880856
217,11.963,14.5185,-2.84829,13.6919,14.5817,-2.85539,11.9742,14.5186,-2.84747,1.72998,0.0111953
218,11.963,14.5185,-2.67023,13.6919,14.5817,-2.70617,11.9569,14.5202,-2.66865,1.72998,0.00633039
219,11.963,14.5185,-2.49216,13.6919,14.5817,-2.51104,11.937,14.5088,-2.49312,1.72998,0.0278322
220,11.963,14.5185,-2.3141,13.6919,14.5817,-2.34863,11.9126,14.4982,-2.30889,1.72998,0.054333
221,11.8292,14.3699,-2.3041,13.6082,14.4957,-2.34182,11.843,14.4029,-2.30471,1.78353,0.0357492
222,11.6968,14.22,-2.2941,13.4968,14.3826,-2.3491,11.7077,14.2422,-2.2956,1.80733,0.024746
223,11.5659,14.0688,-2.2841,13.2619,14.1451,-2.35074,11.5407,14.0218,-2.2889,1.69766,0.0533195
224,11.4366,13.9162,-2.2741,13.1354,14.0157,-2.34484,11.4224,13.8885,-2.27331,1.70175,0.0311245
225,11.3088,13.7624,-2.2641,12.9903,13.865,-2.33714,11.3135,13.7333,-2.26714,1.6847,0.0294928
226,11.1825,13.6073,-2.2541,12.7921,13.6575,-2.33341,11.137,13.5424,-2.26914,1.61038,0.0792519
227,11.0578,13.4509,-2.2441,12.6137,13.4881,-2.38182,11.0037,13.3762,-2.24484,1.55638,0.0922601
228,10.9346,13.2934,-2.2341,12.4229,13.3095,-2.38929,10.859,13.2195,-2.25188,1.48832,0.105736
229,10.8131,13.1345,-2.2241,12.2992,13.1874,-2.36271,10.7705,13.0998,-2.22866,1.48704,0.0549846
230,10.6931,12.9745,-2.2141,12.0791,12.9727,-2.36875,10.6443,12.9481,-2.21935,1.38597,0.0555174
231,10.5747,12.8133,-2.2041,11.9657,12.867,-2.39088,10.5501,12.8239,-2.21876,1.39199,0.0267822
232,10.458,12.6509,-2.1941,11.8281,12.7271,-2.34801,10.4524,12.6698,-2.17614,1.3722,0.019645
233,10.3429,12.4874,-2.1841,11.7006,12.5931,-2.33155,10.3469,12.4968,-2.18239,1.3618,0.0102879
234,10.2294,12.3227,-2.1741,11.5558,12.4483,-2.35624,10.2196,12.3271,-2.19234,1.33233,0.0107345
235,10.1176,12.1568,-2.1641,11.4252,12.3083,-2.32094,10.0817,12.1581,-2.14841,1.31639,0.0358891
236,10.0074,11.9899,-2.1541,11.2746,12.1519,-2.33757,9.98323,12.0014,-2.15565,1.27745,0.0267743
237,9.89894,11.8219,-2.1441,11.1214,11.9868,-2.31902,9.87809,11.8405,-2.14361,1.23351,0.0279324
238,9.79214,11.6528,-2.1341,10.9607,11.8128,-2.31635,9.79095,11.602,-2.13339,1.17947,0.0508325
239,9.68704,11.4826,-2.1241,10.8071,11.6463,-2.31576,9.68283,11.4275,-2.13584,1.13199,0.0552783
240,9.58365,11.3114,-2.1141,10.6356,11.4661,-2.33156,9.55491,11.2272,-2.13984,1.06328,0.0889599
241,9.48197,11.1392,-2.1041,10.5366,11.3538,-2.2934,9.50514,11.0924,-2.10841,1.07619,0.0522745
242,9.38202,10.966,-2.0941,10.4065,11.2036,-2.28478,9.37395,10.9331,-2.09763,1.05164,0.0338901
243,9.28381,10.7917,-2.0841,10.2461,11.0206,-2.29042,9.27735,10.7514,-2.07761,0.989123,0.0408707
244,9.18735,10.6166,-2.0741,10.1298,10.8828,-2.27154,9.20602,10.6032,-2.07457,0.979353,0.0229833
245,9.09264,10.4404,-2.0641,10.0057,10.7374,-2.27737,9.09155,10.4153,-2.07312,0.960171,0.0251564
246,9.09264,10.4404,-2.22675,10.0057,10.7374,-2.42842,9.10348,10.4324,-2.23516,0.960171,0.0134781
247,9.09264,10.4404,-2.3894,10.0057,10.7374,-2.58537,9.10051,10.4293,-2.41104,0.960171,0.0136205
248,9.09264,10.4404,-2.55205,10.0057,10.7374,-2.73617,9.0869,10.435,-2.54957,0.960171,0.00790102
249,9.09264,10.4404,-2.7147,10.0057,10.7374,-2.89116,9.08537,10.4522,-2.71073,0.960171,0.0138369
250,9.09264,10.4404,-2.87735,10.0057,10.7374,-3.04408,9.09127,10.4554,-2.87301,0.960171,0.0150316
251,9.09264,10.4404,-3.04001,10.0057,10.7374,3.12702,9.08322,10.4514,-3.03116,0.960171,0.0145097
252,9.09264,10.4404,3.08053,10.0057,10.7374,2.95212,9.081,10.4417,3.08943,0.960171,0.0117142
253,9.09264,10.4404,2.91788,10.0057,10.7374,2.80792,9.08948,10.4476,2.91654,0.960171,0.00785678
254,9.09264,10.4404,2.75523,10.0057,10.7374,2.65719,9.10342,10.4524,2.7625,0.960171,0.0161367
255,8.90664,10.5139,2.76523,9.82076,10.8309,2.67343,8.91044,10.5135,2.76858,0.967536,0.00383179
256,8.71991,10.5855,2.77523,9.59315,10.9494,2.66172,8.69154,10.5885,2.77371,0.946009,0.0285298
257,8.53248,10.6553,2.78523,9.41187,11.0416,2.67123,8.51318,10.6617,2.78627,0.960479,0.0203214
258,8.34435,10.7232,2.79523,9.24748,11.1268,2.66311,8.3912,10.7126,2.78652,0.98921,0.0480431
259,8.15556,10.7892,2.80523,9.07438,11.2247,2.62705,8.1947,10.7737,2.79794,1.01678,0.0420966
260,7.96612,10.8534,2.81523,8.97061,11.2797,2.65446,8.06157,10.8273,2.82195,1.09121,0.0989475
261,7.77604,10.9156,2.82523,8.69592,11.4028,2.72026,7.77418,10.9161,2.83337,1.04092,0.00193476
262,7.58536,10.9759,2.83523,8.57824,11.4568,2.71119,7.63237,10.972,2.83527,1.10322,0.0471754
263,7.39408,11.0343,2.84523,8.43285,11.5267,2.69346,7.43003,11.0095,2.84743,1.14957,0.0436527
264,7.20222,11.0908,2.85523,8.22262,11.6219,2.71654,7.20201,11.0774,2.85525,1.15032,0.0133892
265,7.00981,11.1454,2.86523,8.14568,11.6555,2.7295,7.08904,11.1195,2.8696,1.24516,0.0833597
266,6.81686,11.198,2.87523,7.9156,11.7518,2.7453,6.84884,11.1875,2.88112,1.23038,0.0336724
267,6.6234,11.2487,2.88523,7.77328,11.8111,2.7463,6.63455,11.2422,2.89198,1.28005,0.0128999
268,6.42944,11.2975,2.89523,7.56078,11.9011,2.74095,6.41665,11.3081,2.88683,1.2823,0.0166011
269,6.235,11.3443,2.90523,7.4125,11.9673,2.7218,6.24307,11.3529,2.89412,1.33214,0.0117684
270,6.0401,11.3892,2.91523,7.2256,12.0577,2.69116,6.03289,11.4016,2.89732,1.36098,0.0143282
271,5.84477,11.4322,2.92523,7.05399,12.1327,2.72948,5.82667,11.4503,2.93341,1.3975,0.0255877
272,5.64901,11.4731,2.93523,6.81724,12.2346,2.73516,5.66473,11.482,2.94024,1.39449,0.0180386
273,5.45285,11.5122,2.94523,6.64225,12.3105,2.73253,5.40944,11.529,2.94826,1.43247,0.0465665
274,5.25632,11.5492,2.95523,6.49224,12.3724,2.74986,5.2409,11.5581,2.95418,1.485,0.0177677
275,5.05942,11.5843,2.96523,6.36702,12.4236,2.75351,5.08938,11.5789,2.95628,1.5538,0.0304395
276,4.86218,11.6174,2.97523,6.11324,12.5187,2.78329,4.85819,11.6307,2.98905,1.54187,0.0138972
277,4.66462,11.6486,2.98523,5.82885,12.6189,2.80281,4.57282,11.6701,2.98745,1.51556,0.0942832
278,4.46676,11.6778,2.99523,5.60083,12.6957,2.8165,4.3584,11.7024,2.99582,1.52395,0.111136
279,4.26862,11.7049,3.00523,5.46452,12.7442,2.79967,4.22633,11.726,2.99585,1.58441,0.0472559
280,4.07021,11.7301,3.01523,5.3448,12.7923,2.75961,4.11371,11.7167,3.01796,1.65917,0.0455399
281,3.87156,11.7534,3.02523,5.13705,12.8761,2.75825,3.84037,11.7445,3.01733,1.69176,0.0324284
282,3.67269,11.7746,3.03523,4.97719,12.9419,2.75114,3.66968,11.7585,3.02282,1.75053,0.0164148
283,3.47362,11.7938,3.04523,4.72627,13.0384,2.77455,3.40649,11.7823,3.05339,1.76579,0.0681127
284,3.27437,11.8111,3.05523,4.61187,13.0805,2.78897,3.24215,11.8154,3.05446,1.84398,0.0325086
285,3.07495,11.8264,3.06523,4.49094,13.1221,2.81056,3.11358,11.8214,3.06614,1.91934,0.0389559
286,2.87539,11.8396,3.07523,4.32518,13.1772,2.82037,2.94104,11.843,3.07996,1.97257,0.0657337
287,2.67571,11.8509,3.08523,4.18919,13.2274,2.78796,2.73719,11.8291,3.0795,2.04584,0.065231
288,2.47592,11.8602,3.09523,3.98838,13.2973,2.80652,2.52265,11.8432,3.1022,2.08638,0.0496923
289,2.27605,11.8674,3.10523,3.72953,13.3836,2.82004,2.28446,11.8664,3.11101,2.1003,0.00846878
290,2.07612,11.8727,3.11523,3.50332,13.4595,2.81783,2.10566,11.8607,3.12282,2.13418,0.0318879
291,1.87615,11.876,3.12523,3.28705,13.5268,2.83969,1.88948,11.8636,-3.13607,2.17162,0.0181812
292,1.67615,11.8772,3.13523,3.11452,13.5843,2.82023,1.68708,11.8772,3.13144,2.23221,0.0109249
293,1.47616,11.8765,-3.13796,2.88341,13.6545,2.8467,1.43754,11.8888,-3.1411,2.26747,0.0405249
294,1.47616,11.8765,-2.79352,2.88341,13.6545,-3.10366,1.44973,11.8934,-2.80461,2.26747,0.0313327
295,1.47616,11.8765,-2.44908,2.88341,13.6545,-2.77929,1.45533,11.914,-2.46083,2.26747,0.0428342
296,1.47616,11.8765,-2.10464,2.88341,13.6545,-2.46437,1.46257,11.9228,-2.11182,2.26747,0.048274
297,1.47616,11.8765,-1.7602,2.88341,13.6545,-2.12422,1.46057,11.9297,-1.77256,2.26747,0.0554198
298,1.47616,11.8765,-1.41577,2.88341,13.6545,-1.74262,1.46906,11.9165,-1.41615,2.26747,0.0405964
299,1.50901,11.6792,-1.40577,2.85668,13.4531,-1.70275,1.4884,11.6892,-1.40451,2.22769,0.0229011
300,1.54384,11.4823,-1.39577,2.81776,13.1579,-1.70188,1.52283,11.4385,-1.39219,2.10488,0.0485727
301,1.58064,11.2857,-1.38577,2.79505,12.9384,-1.67391,1.5927,11.2262,-1.36382,2.05091,0.0606763
302,1.6194,11.0895,-1.37577,2.78158,12.7601,-1.64621,1.63503,11.0553,-1.36886,2.03505,0.0376202
303,1.66011,10.8937,-1.36577,2.77713,12.5782,-1.59521,1.67347,10.8729,-1.35641,2.0212,0.024696
304,1.70279,10.6983,-1.35577,2.77032,12.3714,-1.60377,1.71798,10.6833,-1.35282,1.9847,0.0213104
305,1.74742,10.5033,-1.34577,2.77022,12.2549,-1.57164,1.74938,10.5405,-1.34364,2.02831,0.037258
306,1.79399,10.3088,-1.33577,2.7702,11.9995,-1.57087,1.79332,10.3109,-1.34129,1.95224,0.00220574
307,1.84251,10.1148,-1.32577,2.77317,11.8584,-1.54976,1.84572,10.1426,-1.32895,1.97646,0.0279998
308,1.89296,9.92128,-1.31577,2.78707,11.676,-1.49474,1.8774,9.92485,-1.31248,1.96936,0.0159659
309,1.89296,9.92128,-1.09421,2.78707,11.676,-1.26134,1.90608,9.91966,-1.09423,1.96936,0.0132156
310,1.89296,9.92128,-0.872656,2.78707,11.676,-1.05902,1.89762,9.91376,-0.874366,1.96936,0.00884273
311,1.89296,9.92128,-0.651101,2.78707,11.676,-0.831302,1.88507,9.92876,-0.646851,1.96936,0.0108805
312,1.89296,9.92128,-0.429547,2.78707,11.676,-0.590469,1.88077,9.92022,-0.429236,1.96936,0.0122378
313,1.89296,9.92128,-0.207992,2.78707,11.676,-0.369803,1.91343,9.92643,-0.209235,1.96936,0.0211017
314,1.89296,9.92128,0.0135626,2.78707,11.676,-0.156011,1.9067,9.91998,0.00818903,1.96936,0.0138011
315,1.89296,9.92128,0.235117,2.78707,11.676,0.0851891,1.87774,9.91882,0.237051,1.96936,0.0154261
316,1.89296,9.92128,0.456672,2.78707,11.676,0.291964,1.87199,9.91298,0.442053,1.96936,0.0225603
317,1.89296,9.92128,0.678227,2.78707,11.676,0.495168,1.88327,9.90217,0.69018,1.96936,0.0214245
318,2.04744,10.0483,0.688227,2.997,11.8023,0.541713,2.06233,10.1176,0.677094,1.99453,0.0709113
319,2.20064,10.1769,0.698227,3.13123,11.8922,0.590088,2.20877,10.2003,0.691882,1.95148,0.0247622
320,2.35254,10.307,0.708227,3.2804,11.9918,0.588966,2.35694,10.343,0.705451,1.92346,0.0363035
321,2.50313,10.4386,0.718227,3.40599,12.0744,0.581454,2.47578,10.4529,0.709893,1.86841,0.030868
322,2.65241,10.5717,0.728227,3.55099,12.1681,0.573781,2.62595,10.5869,0.713948,1.83192,0.0305091
323,2.80034,10.7063,0.738227,3.74762,12.302,0.597746,2.79304,10.6871,0.743586,1.85568,0.0205272
324,2.94692,10.8424,0.748227,3.90305,12.4074,0.596192,2.96032,10.8099,0.751988,1.83403,0.0351002
325,3.09213,10.9799,0.758227,4.0837,12.5292,0.593004,3.1273,10.9694,0.75643,1.83944,0.0366941
326,3.23596,11.1189,0.768227,4.24419,12.6389,0.599692,3.28929,11.131,0.768803,1.82403,0.0547026
327,3.37839,11.2593,0.778227,4.43163,12.7786,0.640372,3.43166,11.2635,0.786942,1.84868,0.0534418
328,3.51941,11.4011,0.788227,4.67736,12.9787,0.683574,3.62343,11.444,0.788911,1.957,0.112524
329,3.65901,11.5443,0.798227,4.87428,13.1507,0.717863,3.77321,11.5667,0.817251,2.01431,0.116379
330,3.79716,11.6889,0.808227,5.02685,13.2924,0.748388,3.87805,11.6891,0.818553,2.0207,0.0808923
331,3.79716,11.6889,0.57728,5.02685,13.2924,0.540951,3.8139,11.7029,0.569667,2.0207,0.0218369
332,3.79716,11.6889,0.346334,5.02685,13.2924,0.30154,3.81461,11.7074,0.332696,2.0207,0.0254176
333,3.79716,11.6889,0.115388,5.02685,13.2924,0.0624443,3.81598,11.7014,0.117945,2.0207,0.0225831
334,3.79716,11.6889,-0.115558,5.02685,13.2924,-0.169607,3.77814,11.707,-0.12913,2.0207,0.0262694
335,3.79716,11.6889,-0.346505,5.02685,13.2924,-0.437613,3.75019,11.6696,-0.339131,2.0207,0.050799
336,3.79716,11.6889,-0.577451,5.02685,13.2924,-0.647786,3.76878,11.6756,-0.567418,2.0207,0.0313503
337,3.79716,11.6889,-0.808397,5.02685,13.2924,-0.882718,3.79798,11.6726,-0.799995,2.0207,0.0163907
338,3.79716,11.6889,-1.03934,5.02685,13.2924,-1.07803,3.78734,11.6656,-1.02654,2.0207,0.0253527
339,3.90024,11.5175,-1.02934,5.09229,13.1751,-1.06201,3.86029,11.5305,-1.01873,2.04166,0.0420052
340,4.00502,11.3472,-1.01934,5.1941,12.9969,-1.05173,3.99491,11.3532,-1.03199,2.03355,0.0117894
341,4.11151,11.1779,-1.00934,5.27993,12.8426,-1.06302,4.10248,11.1807,-1.02382,2.03385,0.00945572
342,4.21968,11.0097,-0.999343,5.3731,12.6816,-1.0463,4.20117,11.0254,-1.00027,2.03118,0.0242741
343,4.32953,10.8425,-0.989343,5.48208,12.4913,-1.05059,4.35777,10.8495,-0.997678,2.0117,0.0290838
344,4.44104,10.6765,-0.979343,5.58059,12.3123,-1.06773,4.4613,10.6802,-0.981121,1.9936,0.0206037
345,4.55421,10.5116,-0.969343,5.7022,12.0883,-1.07345,4.58487,10.4927,-0.968003,1.95035,0.0359908
346,4.66902,10.3478,-0.959343,5.76923,11.9535,-1.1094,4.68494,10.3605,-0.969785,1.94642,0.0203685
347,4.66902,10.3478,-1.30347,5.76923,11.9535,-1.45608,4.70733,10.361,-1.31296,1.94642,0.0405141
348,4.66902,10.3478,-1.64759,5.76923,11.9535,-1.80556,4.63868,10.3573,-1.64329,1.94642,0.0317739
349,4.66902,10.3478,-1.99172,5.76923,11.9535,-2.15222,4.62305,10.3657,-1.99477,1.94642,0.049332
350,4.66902,10.3478,-2.33584,5.76923,11.9535,-2.48994,4.62981,10.3594,-2.33725,1.94642,0.0408797
351,4.66902,10.3478,-2.67997,5.76923,11.9535,-2.83338,4.65614,10.3628,-2.6796,1.94642,0.0197384
352,4.66902,10.3478,-3.02409,5.76923,11.9535,3.08988,4.66831,10.3652,-3.02023,1.94642,0.0174077
353,4.66902,10.3478,2.91497,5.76923,11.9535,2.76848,4.6759,10.3864,2.97738,1.94642,0.0391313
354,4.66902,10.3478,2.57085,5.76923,11.9535,2.41652,4.70587,10.3836,2.57008,1.94642,0.0513528
355,4.66902,10.3478,2.22672,5.76923,11.9535,2.03645,4.72624,10.3622,2.22844,1.94642,0.0590001
356,4.54546,10.5051,2.23672,5.66565,12.1551,2.0454,4.58609,10.5365,2.23026,1.9943,0.0513392
357,4.42034,10.6611,2.24672,5.58423,12.3065,2.06417,4.46565,10.68,2.24648,2.01541,0.0490703
358,4.29366,10.8159,2.25672,5.46201,12.5265,2.07795,4.31019,10.8619,2.25085,2.0715,0.048927
359,4.16544,10.9694,2.26672,5.33381,12.7662,2.06183,4.1444,11.0354,2.24215,2.14329,0.0692712
360,4.03569,11.1216,2.27672,5.22249,12.9755,2.05971,3.98357,11.2086,2.26593,2.20121,0.101461
361,3.90443,11.2725,2.28672,5.13618,13.1351,2.06657,3.91304,11.2846,2.28961,2.23302,0.0148568
362,3.77166,11.4221,2.29672,5.09531,13.2096,2.07235,3.83817,11.394,2.30186,2.22425,0.0721708
363,3.63741,11.5703,2.30672,4.96578,13.4316,2.09899,3.64742,11.5872,2.30572,2.28669,0.0196103
364,3.63741,11.5703,1.98913,4.96578,13.4316,1.75941,3.63669,11.5907,1.96786,2.28669,0.0203819
365,3.63741,11.5703,1.67154,4.96578,13.4316,1.4471,3.63783,11.558,1.67238,2.28669,0.012307
366,3.63741,11.5703,1.35394,4.96578,13.4316,1.08356,3.64287,11.5603,1.36213,2.28669,0.0114344
367,3.63741,11.5703,1.03635,4.96578,13.4316,0.776676,3.66536,11.573,1.03943,2.28669,0.0280786
368,3.63741,11.5703,0.718756,4.96578,13.4316,0.490122,3.66264,11.5749,0.719841,2.28669,0.0256389
369,3.63741,11.5703,0.401163,4.96578,13.4316,0.207994,3.67366,11.5846,0.400126,2.28669,0.0389525
370,3.63741,11.5703,0.0835696,4.96578,13.4316,-0.0990431,3.68787,11.5811,0.0802119,2.28669,0.0515995
371,3.63741,11.5703,-0.234024,4.96578,13.4316,-0.433596,3.66349,11.5614,-0.23702,2.28669,0.0275667
372,3.63741,11.5703,-0.551617,4.96578,13.4316,-0.748497,3.6554,11.5637,-0.546714,2.28669,0.019173
373,3.63741,11.5703,-0.86921,4.96578,13.4316,-1.05823,3.64827,11.5665,-0.865744,2.28669,0.0115009
374,3.76802,11.4188,-0.85921,5.07285,13.2458,-1.04795,3.80754,11.4298,-0.855612,2.24509,0.0410256
375,3.90013,11.2687,-0.84921,5.14016,13.1322,-1.03584,3.89661,11.2977,-0.853505,2.2384,0.0291895
376,4.03374,11.1199,-0.83921,5.20456,13.0237,-1.03531,4.01029,11.1592,-0.842749,2.23502,0.0457849
377,4.16883,10.9724,-0.82921,5.30921,12.8436,-1.04448,4.13666,11.011,-0.834618,2.19129,0.0502818
378,4.30539,10.8263,-0.81921,5.40005,12.6893,-1.03855,4.27525,10.8127,-0.817856,2.16084,0.0330589
379,4.44341,10.6815,-0.80921,5.47008,12.5688,-1.04431,4.37321,10.7076,-0.809537,2.14848,0.0749038
380,4.58286,10.5382,-0.79921,5.59924,12.3632,-1.01002,4.53625,10.5318,-0.797265,2.08894,0.0470534
381,4.72374,10.3962,-0.78921,5.70462,12.194,-1.01369,4.6966,10.3938,-0.800932,2.04797,0.0272513
382,4.72374,10.3962,-0.488028,5.70462,12.194,-0.668004,4.69628,10.3864,-0.496049,2.04797,0.0291654
383,4.72374,10.3962,-0.186846,5.70462,12.194,-0.377051,4.74876,10.3858,-0.193355,2.04797,0.0270741
384,4.72374,10.3962,0.114335,5.70462,12.194,-0.0592167,4.73833,10.3956,0.119831,2.04797,0.0145944
385,4.72374,10.3962,0.415517,5.70462,12.194,0.283944,4.74335,10.3896,0.418136,2.04797,0.0206953
386,4.72374,10.3962,0.716699,5.70462,12.194,0.545565,4.72844,10.3968,0.714642,2.04797,0.00473956
387,4.72374,10.3962,1.01788,5.70462,12.194,0.846596,4.73606,10.3931,1.01976,2.04797,0.0126954
388,4.82707,10.5674,1.02788,5.87584,12.3942,0.863326,4.86697,10.6087,1.03866,2.10644,0.0574068
389,4.92868,10.7397,1.03788,5.97496,12.5091,0.85886,4.93405,10.7372,1.03103,2.05559,0.00591765
390,5.02856,10.913,1.04788,6.06521,12.6199,0.887428,4.98625,10.9094,1.05239,1.99708,0.042467
391,5.12671,11.0872,1.05788,6.11404,12.6845,0.923127,5.03868,11.0397,1.06189,1.87776,0.100022
392,5.2231,11.2625,1.06788,6.15557,12.7378,0.909229,5.08511,11.1531,1.04558,1.7453,0.176116
393,5.31774,11.4387,1.07788,6.32025,12.9561,0.924392,5.21708,11.4274,1.07487,1.81866,0.101286
394,5.41061,11.6158,1.08788,6.4321,13.1038,0.922813,5.32682,11.5935,1.0738,1.80489,0.086718
395,5.41061,11.6158,0.739234,6.4321,13.1038,0.55248,5.33334,11.5727,0.67424,1.80489,0.0884682
396,5.41061,11.6158,0.390587,6.4321,13.1038,0.235663,5.3688,11.612,0.377529,1.80489,0.0419841
397,5.41061,11.6158,0.0419405,6.4321,13.1038,-0.091702,5.37392,11.6058,0.0354136,1.80489,0.0380394
398,5.41061,11.6158,-0.306706,6.4321,13.1038,-0.447017,5.38366,11.5956,-0.324531,1.80489,0.0337109
399,5.41061,11.6158,-0.655353,6.4321,13.1038,-0.779433,5.40543,11.6089,-0.664391,1.80489,0.00862641
400,5.41061,11.6158,-1.004,6.4321,13.1038,-1.1268,5.39187,11.6023,-1.03214,1.80489,0.0230717
401,5.41061,11.6158,-1.35265,6.4321,13.1038,-1.47161,5.42349,11.6067,-1.36195,1.80489,0.0157801
402,5.45585,11.421,-1.34265,6.4707,12.8479,-1.42106,5.48296,11.387,-1.32816,1.75104,0.0434873
403,5.50303,11.2266,-1.33265,6.49502,12.7028,-1.40476,5.49523,11.2414,-1.33234,1.77855,0.0166841
404,5.55215,11.0328,-1.32265,6.53624,12.4748,-1.39198,5.5214,11.0562,-1.32556,1.7458,0.0386879
405,5.60321,10.8394,-1.31265,6.56364,12.3372,-1.37424,5.56417,10.879,-1.30403,1.77929,0.055607
406,5.6562,10.6465,-1.30265,6.59971,12.1855,-1.33729,5.63573,10.6358,-1.31707,1.8052,0.0231154
407,5.71112,10.4542,-1.29265,6.65777,11.9521,-1.32697,5.67508,10.4419,-1.29111,1.77198,0.0380837
408,5.71112,10.4542,-1.1845,6.65777,11.9521,-1.23155,5.67687,10.4486,-1.18673,1.77198,0.0347001
409,5.71112,10.4542,-1.07635,6.65777,11.9521,-1.14709,5.68136,10.4424,-1.07806,1.77198,0.0320156
410,5.71112,10.4542,-0.968201,6.65777,11.9521,-1.03605,5.67258,10.4505,-0.970863,1.77198,0.038713
411,5.71112,10.4542,-0.860053,6.65777,11.9521,-0.938868,5.65528,10.4543,-0.85373,1.77198,0.0558323
412,5.71112,10.4542,-0.751904,6.65777,11.9521,-0.802763,5.66322,10.4762,-0.755815,1.77198,0.0526943
413,5.71112,10.4542,-0.643756,6.65777,11.9521,-0.698612,5.65576,10.4623,-0.645556,1.77198,0.0559478
414,5.87228,10.3358,-0.633756,6.79537,11.8388,-0.689152,5.83446,10.3467,-0.639199,1.76382,0.0393659
415,5.87228,10.3358,-1.02629,6.79537,11.8388,-1.14443,5.83449,10.3393,-1.04039,1.76382,0.0379493
416,5.87228,10.3358,-1.41882,6.79537,11.8388,-1.56911,5.81436,10.3281,-1.41282,1.76382,0.0584215
417,5.87228,10.3358,-1.81136,6.79537,11.8388,-1.96079,5.92188,10.3403,-1.81492,1.76382,0.0498123
418,5.87228,10.3358,-2.20389,6.79537,11.8388,-2.33935,5.90375,10.3383,-2.20951,1.76382,0.0315735
419,5.87228,10.3358,-2.59643,6.79537,11.8388,-2.76191,5.90039,10.3291,-2.60106,1.76382,0.0288858
420,5.87228,10.3358,-2.98896,6.79537,11.8388,3.11823,5.88252,10.3247,-2.98062,1.76382,0.0151008
421,5.87228,10.3358,2.90169,6.79537,11.8388,2.73617,5.92295,10.3333,2.89983,1.76382,0.0507259
422,5.87228,10.3358,2.50915,6.79537,11.8388,2.31523,5.92539,10.3305,2.50419,1.76382,0.053371
423,5.87228,10.3358,2.11662,6.79537,11.8388,1.92007,5.92118,10.3307,2.12505,1.76382,0.0491578
424,5.87228,10.3358,1.72409,6.79537,11.8388,1.53854,5.90171,10.3394,1.73272,1.76382,0.0296555
425,5.87228,10.3358,1.33155,6.79537,11.8388,1.16115,5.94589,10.3451,1.3333,1.76382,0.0741982
426,5.87228,10.3358,0.939017,6.79537,11.8388,0.782892,5.94079,10.3445,0.933105,1.76382,0.0690588
427,5.98877,10.4983,0.949017,6.98582,12.0414,0.816429,6.08239,10.5353,0.951759,1.83716,0.100643
428,6.10364,10.6621,0.959017,7.14624,12.2125,0.817659,6.20281,10.6876,0.949571,1.8684,0.1024
429,6.21686,10.8269,0.969017,7.27803,12.3579,0.834372,6.29877,10.8367,0.970485,1.86278,0.0824842
430,6.32843,10.9929,0.979017,7.41929,12.5192,0.851398,6.41727,11.0103,0.977305,1.876,0.0905263
431,6.43833,11.16,0.989017,7.54272,12.6656,0.870495,6.51999,11.1692,0.991273,1.86722,0.0821708
432,6.54656,11.3282,0.999017,7.72779,12.8833,0.866119,6.6095,11.4303,1.01349,1.95281,0.119932
433,6.6531,11.4975,1.00902,7.82519,12.9974,0.864479,6.65071,11.5318,0.998439,1.9036,0.0344379
434,6.6531,11.4975,0.803676,7.82519,12.9974,0.655573,6.68771,11.5097,0.794162,1.9036,0.0367291
435,6.6531,11.4975,0.598335,7.82519,12.9974,0.433183,6.6684,11.4879,0.606951,1.9036,0.0180431
436,6.6531,11.4975,0.392993,7.82519,12.9974,0.194189,6.66329,11.4879,0.38494,1.9036,0.0140118
437,6.6531,11.4975,0.187652,7.82519,12.9974,-0.00302924,6.65857,11.5003,0.190779,1.9036,0.00617265
438,6.6531,11.4975,-0.0176895,7.82519,12.9974,-0.222017,6.63735,11.4879,-0.0273836,1.9036,0.0184199
439,6.6531,11.4975,-0.223031,7.82519,12.9974,-0.408824,6.61135,11.5022,-0.23382,1.9036,0.0420103
440,6.6531,11.4975,-0.428372,7.82519,12.9974,-0.605685,6.65863,11.493,-0.431859,1.9036,0.00713388
441,6.6531,11.4975,-0.633714,7.82519,12.9974,-0.807843,6.6624,11.4945,-0.642485,1.9036,0.00977292
442,6.6531,11.4975,-0.839055,7.82519,12.9974,-1.00076,6.65756,11.494,-0.841769,1.9036,0.00568589
443,6.6531,11.4975,-1.0444,7.82519,12.9974,-1.19279,6.63843,11.4945,-1.0427,1.9036,0.0149586
444,6.6531,11.4975,-1.24974,7.82519,12.9974,-1.4058,6.62184,11.4831,-1.24974,1.9036,0.0343949
445,6.71811,11.3083,-1.23974,7.85429,12.8244,-1.40427,6.67321,11.318,-1.24037,1.89453,0.0459151
446,6.785,11.1199,-1.22974,7.89736,12.5944,-1.3856,6.75679,11.1174,-1.2314,1.84707,0.0283194
447,6.85378,10.9321,-1.21974,7.93701,12.4,-1.36957,6.84727,10.9342,-1.22409,1.82439,0.0068561
448,6.92443,10.7449,-1.20974,7.97079,12.236,-1.36767,6.90267,10.7678,-1.20828,1.82159,0.0315785
449,6.99695,10.5586,-1.19974,8.01194,12.0442,-1.35951,6.95625,10.5504,-1.20908,1.79925,0.0415104
450,6.99695,10.5586,-1.36012,8.01194,12.0442,-1.51306,6.96543,10.5668,-1.35598,1.79925,0.0325881
451,6.99695,10.5586,-1.5205,8.01194,12.0442,-1.67926,6.96786,10.5657,-1.52644,1.79925,0.0299479
452,6.99695,10.5586,-1.68087,8.01194,12.0442,-1.83907,6.96754,10.5707,-1.68947,1.79925,0.0318076
453,6.99695,10.5586,-1.84125,8.01194,12.0442,-1.9781,6.97518,10.5599,-1.83388,1.79925,0.0218142
454,6.99695,10.5586,-2.00163,8.01194,12.0442,-2.11513,6.97942,10.5716,-2.00088,1.79925,0.0218701
455,6.99695,10.5586,-2.16201,8.01194,12.0442,-2.26588,6.98623,10.571,-2.17511,1.79925,0.0164441
456,6.99695,10.5586,-2.32239,8.01194,12.0442,-2.43149,7.00069,10.5663,-2.32117,1.79925,0.00863357
457,6.99695,10.5586,-2.48277,8.01194,12.0442,-2.62685,7.00935,10.5618,-2.48486,1.79925,0.0128151
458,6.99695,10.5586,-2.64315,8.01194,12.0442,-2.81499,7.01785,10.5585,-2.64785,1.79925,0.020893
459,6.82225,10.4612,-2.63315,7.78422,11.9609,-2.79112,6.81791,10.449,-2.63298,1.78174,0.0129047
460,6.64853,10.3621,-2.62315,7.59389,11.8966,-2.81569,6.61266,10.3522,-2.63515,1.80235,0.0372131
461,6.47582,10.2613,-2.61315,7.43126,11.8356,-2.78279,6.46733,10.2492,-2.61977,1.84161,0.0147005
462,6.47582,10.2613,-2.83077,7.43126,11.8356,-2.9882,6.46494,10.2662,-2.83376,1.84161,0.0119648
463,6.47582,10.2613,-3.04839,7.43126,11.8356,3.0796,6.45558,10.262,-3.04707,1.84161,0.0202467
464,6.47582,10.2613,3.01717,7.43126,11.8356,2.86427,6.49025,10.2666,3.00747,1.84161,0.0153724
465,6.47582,10.2613,2.79955,7.43126,11.8356,2.65125,6.48732,10.2598,2.79506,1.84161,0.0115913
466,6.47582,10.2613,2.58193,7.43126,11.8356,2.42772,6.49336,10.2535,2.56862,1.84161,0.0191963
467,6.47582,10.2613,2.36431,7.43126,11.8356,2.19268,6.46184,10.2571,2.36338,1.84161,0.0145638
468,6.47582,10.2613,2.14669,7.43126,11.8356,1.94401,6.47998,10.2719,2.13439,1.84161,0.0114724
469,6.47582,10.2613,1.92907,7.43126,11.8356,1.75174,6.48534,10.2675,1.9192,1.84161,0.0114078
470,6.40381,10.4478,1.93907,7.41055,11.9673,1.72676,6.38627,10.4146,1.94461,1.82274,0.0375576
471,6.32995,10.6337,1.94907,7.36464,12.2081,1.75924,6.32216,10.6385,1.94702,1.88395,0.00913845
472,6.25423,10.8188,1.95907,7.30973,12.4396,1.80371,6.23987,10.8341,1.96693,1.93415,0.0209464
473,6.17667,11.0032,1.96907,7.25183,12.7177,1.77602,6.13486,11.0752,1.96142,2.02378,0.0832745
474,6.09726,11.1867,1.97907,7.19623,12.9227,1.83568,6.04382,11.2286,1.9851,2.05458,0.0678699
475,6.01602,11.3695,1.98907,7.13758,13.1147,1.86718,5.9682,11.3986,2.00135,2.07457,0.0559791
476,5.93296,11.5514,1.99907,7.06369,13.3269,1.90602,5.91347,11.568,2.00682,2.10493,0.0256214
477,5.93296,11.5514,2.15819,7.06369,13.3269,2.06501,5.91689,11.5595,2.17479,2.10493,0.0179944
478,5.93296,11.5514,2.31731,7.06369,13.3269,2.18823,5.94901,11.5416,2.31266,2.10493,0.0187888
479,5.93296,11.5514,2.47643,7.06369,13.3269,2.32927,5.95374,11.5417,2.47604,2.10493,0.0229516
480,5.93296,11.5514,2.63555,7.06369,13.3269,2.46034,5.94505,11.5368,2.61957,2.10493,0.0189415
481,5.93296,11.5514,2.79467,7.06369,13.3269,2.63709,5.94885,11.5383,2.78912,2.10493,0.0205882
482,5.93296,11.5514,2.95379,7.06369,13.3269,2.81777,5.93984,11.5446,2.95102,2.10493,0.00971198
483,5.93296,11.5514,3.11291,7.06369,13.3269,2.98015,5.91677,11.5512,3.1022,2.10493,0.0161896
484,5.93296,11.5514,-3.01116,7.06369,13.3269,3.12421,5.93394,11.5611,-3.0107,2.10493,0.00975014
485,5.93296,11.5514,-2.85204,7.06369,13.3269,-3.02368,5.91926,11.5632,-2.84591,2.10493,0.0180483
486,5.93296,11.5514,-2.69292,7.06369,13.3269,-2.85676,5.90436,11.5661,-2.67776,2.10493,0.032167
487,5.93296,11.5514,-2.5338,7.06369,13.3269,-2.69384,5.88782,11.5547,-2.53735,2.10493,0.0452657
488,5.93296,11.5514,-2.37468,7.06369,13.3269,-2.55095,5.87332,11.5503,-2.36626,2.10493,0.059653
489,5.93296,11.5514,-2.21556,7.06369,13.3269,-2.37135,5.85837,11.57,-2.2086,2.10493,0.0768665
490,5.81436,11.3904,-2.20556,6.95935,13.223,-2.35856,5.78304,11.4135,-2.20453,2.16092,0.0389576
491,5.69738,11.2282,-2.19556,6.84618,13.1124,-2.36751,5.68251,11.2614,-2.19929,2.20682,0.0363998
492,5.58203,11.0648,-2.18556,6.71032,12.9711,-2.33663,5.56067,11.0942,-2.1841,2.2152,0.0363271
493,5.46831,10.9002,-2.17556,6.54309,12.7872,-2.30888,5.46793,10.8749,-2.1718,2.1716,0.0253019
494,5.35625,10.7346,-2.16556,6.43417,12.6592,-2.27587,5.35246,10.7135,-2.16162,2.20594,0.0214183
495,5.24585,10.5678,-2.15556,6.23365,12.432,-2.29384,5.22608,10.5191,-2.15456,2.10974,0.0525407
496,5.13712,10.4,-2.14556,6.12033,12.3017,-2.28669,5.13838,10.4152,-2.15426,2.14091,0.0152478
497,5.13712,10.4,-2.50253,6.12033,12.3017,-2.63017,5.13086,10.4125,-2.49643,2.14091,0.0140469
498,5.13712,10.4,-2.85949,6.12033,12.3017,-3.02041,5.13418,10.427,-2.85731,2.14091,0.0272427
499,5.13712,10.4,3.06673,6.12033,12.3017,2.89743,5.15973,10.4209,3.0655,2.14091,0.0308308
